{
    "project": {
        "name": "BitmapData for EaselJS API documentation",
        "description": "BitmapData for EaselJS adds AS3 like BitmapData to EaselJS.",
        "version": "1.0.0",
        "url": ""
    },
    "files": {
        "src/BitmapData.js": {
            "name": "src/BitmapData.js",
            "modules": {},
            "classes": {
                "createjs.BitmapData": 1,
                "createjs.BitmapDataChannel": 1,
                "createjs.ColorTransform": 1
            },
            "fors": {},
            "namespaces": {
                "createjs": 1
            }
        }
    },
    "modules": {},
    "classes": {
        "createjs.BitmapData": {
            "name": "createjs.BitmapData",
            "shortname": "BitmapData",
            "classitems": [],
            "plugins": [],
            "extensions": [],
            "plugin_for": [],
            "extension_for": [],
            "namespace": "createjs",
            "file": "src/BitmapData.js",
            "line": 19,
            "description": "The BitmapData for EaselJS provides the BitmapData class like ActionScript3.0 to the EaselJS. The BitmapData class does not inherit the DisplayObject class of the EaselJS, so that use the Bitmap class to display it on the Stage. This flow is similar to Flash. But please pass the canvas property of the BitmapData instance (instead of BitmapData instance) to the constructor of the Bitmap class.<br><br>\nBitmapData for EaselJSは、EaselJSにActionScript3.0と同様のBitmapDataクラスを提供します。BitmapDataクラスはDisplayObjectを継承していないため、実際にStage上に表示するにはBitmapクラスを使います。この流れはFlashと同様ですが、BitmapクラスのコンストラクタにはBitmapDataインスタンスではなく、BitmapDataインスタンスのcanvasプロパティを渡して下さい。",
            "is_constructor": 1,
            "params": [
                {
                    "name": "image",
                    "description": "If you specify an object to this parameter, the object will be drawn to the bitmapdata which is created. The specified object must be finished its loading. If you want to create a bitmapdata by fill, please specify the null.<br>\nこの引数を指定すると指定したオブジェクトが描画されたBitmapDataが作成されます。指定するオブジェクトは、読み込みが終わっている必要があります。塗りのBitmapDataを作成したい場合は、nullを指定して下さい。",
                    "type": "HTMLImageElement | HTMLCanvasElement | HTMLVideoElement",
                    "optional": true,
                    "optdefault": "null"
                },
                {
                    "name": "width",
                    "description": "The width of the image in pixels. If the image is null, the default value is 300.<br>\nBitmapDataの幅です。imageがnullの場合のdefault値は300です。",
                    "type": "Uint",
                    "optional": true,
                    "optdefault": "image.width"
                },
                {
                    "name": "height",
                    "description": "THe height of the image in pixels. If the image is null, the default value is 150.<br>\nBitmapDataの高さです。imageがnullの場合のdefault値は150です。",
                    "type": "Uint",
                    "optional": true,
                    "optdefault": "image.height"
                },
                {
                    "name": "fillColor",
                    "description": "If you want to create a bitmapdata by fill, please specify this parameter. You can use a CSS compatible color value (ex. \"#FF0000\", \"rgba(255,0,0,0.5)\") or a 32-bit ARGB color value(ex. 0x80FF0000). If you want to create a transparent bitmapdata, please omit this parameter.<br>\n塗りのBitmapDataを作成する場合に指定します。CSS文字列と0xAARRGGBB形式の16進数値が使えます。透明なBitmapDataを作成したい場合は、この引数を省略して下さい。",
                    "type": "String | uint",
                    "optional": true,
                    "optdefault": "undefined"
                }
            ],
            "example": [
                "\n<pre><code>_bmd01 = new createjs.BitmapData(HTMLImageElement);\n_bitmap01 = new createjs.Bitmap(_bmd01.canvas);\n_stage.addChild(_bitmap01);\nvar width = 200;\nvar height = 200;\nvar fillColor = 0x80FF0000;\n_bmd02 = new createjs.BitmapData(null, width, height, fillColor);\n_bitmap02 = new createjs.Bitmap(_bmd02.canvas);\n_stage.addChild(_bitmap02);</code></pre>"
            ]
        },
        "createjs.BitmapDataChannel": {
            "name": "createjs.BitmapDataChannel",
            "shortname": "BitmapDataChannel",
            "classitems": [],
            "plugins": [],
            "extensions": [],
            "plugin_for": [],
            "extension_for": [],
            "namespace": "createjs",
            "file": "src/BitmapData.js",
            "line": 1755,
            "description": "BitmapDataChannelクラスは、赤、緑、青、アルファのいずれのチャンネルを使用するかを示す際に使用できる定数値を保持しています。メソッドを呼び出すとき、OR論理演算子を使ってBitmapDataChannel定数を結合することにより、複数のカラーチャンネルを同時に指定することができます。",
            "static": 1
        },
        "createjs.ColorTransform": {
            "name": "createjs.ColorTransform",
            "shortname": "ColorTransform",
            "classitems": [],
            "plugins": [],
            "extensions": [],
            "plugin_for": [],
            "extension_for": [],
            "namespace": "createjs",
            "file": "src/BitmapData.js",
            "line": 1811,
            "description": "ColorTransformクラスは、BitmapDataクラスのカラー値を調整する際に使用することができます。R, G, B, Aの各チャンネルで乗数値（Multiplier）とオフセット値（Offset）を保持します。ColorTransformオブジェクトを適用する際に各チャンネルに設定される値の算出方法は下記の通りです。<br>新しい値 = (古い値 * Multiplier) + Offset",
            "is_constructor": 1,
            "params": [
                {
                    "name": "redMultiplier",
                    "description": "赤チャンネルの乗数値です。",
                    "type": "Number",
                    "optional": true,
                    "optdefault": "1"
                },
                {
                    "name": "greenMultiplier",
                    "description": "緑チャンネルの乗数値です。",
                    "type": "Number",
                    "optional": true,
                    "optdefault": "1"
                },
                {
                    "name": "blueMultiplier",
                    "description": "青チャンネルの乗数値です。",
                    "type": "Number",
                    "optional": true,
                    "optdefault": "1"
                },
                {
                    "name": "alphaMultiplier",
                    "description": "アルファチャンネルの乗数値です。",
                    "type": "Number",
                    "optional": true,
                    "optdefault": "1"
                },
                {
                    "name": "redOffset",
                    "description": "赤チャンネルのオフセット値です。",
                    "type": "Number",
                    "optional": true,
                    "optdefault": "0"
                },
                {
                    "name": "greenOffset",
                    "description": "緑チャンネルのオフセット値です。",
                    "type": "Number",
                    "optional": true,
                    "optdefault": "0"
                },
                {
                    "name": "blueOffset",
                    "description": "青チャンネルのオフセット値です。",
                    "type": "Number",
                    "optional": true,
                    "optdefault": "0"
                },
                {
                    "name": "alphaOffset",
                    "description": "アルファチャンネルのオフセット値です。",
                    "type": "Number",
                    "optional": true,
                    "optdefault": "0"
                }
            ]
        }
    },
    "classitems": [
        {
            "file": "src/BitmapData.js",
            "line": 11,
            "class": "createjs.BitmapData",
            "namespace": "createjs"
        },
        {
            "file": "src/BitmapData.js",
            "line": 55,
            "description": "This method gets as a bitmapdata from cache of the DisplayObject. A bitmapData provided by this method is the reference of the DisplayObject's cache. If you called updateCache() at the DisplayObject, you must call updateImageData() at the Bitmapdata.<br>\ncache()されたDisplayObjectのサブクラスをBitmapDataとして取得します。このメソッドで得られるBitmapDataは、DisplayObjectのcacheの参照です。updateCache()を実行した場合は、取得したBitmapDataも更新されるため、updateImageData()を実行して下さい。",
            "static": 1,
            "itemtype": "method",
            "name": "getBitmapData",
            "params": [
                {
                    "name": "object",
                    "description": "The DisplayObject to get as a bitmapdata. The DisplayObject must be called cache().<br>\nBitmapDataとして取得したいDisplayObjectのサブクラスを指定します。DisplayObjectはcache()されている必要があります。",
                    "type": "DisplayObject"
                }
            ],
            "return": {
                "description": "A bitmapdata got from the DisplayObject's cache.<br>\nDisplayObjectのcacheをBitmapDataとして返します。",
                "type": "BitmapData"
            },
            "example": [
                "\n<pre><code>_shape = new createjs.Shape();\nvar g = _shape.graphics;\ng.f(&quot;rgba(0, 0, 255, 1)&quot;).dp(0, 0, 100, 5, 0.6, -90).ef();\n_shape.cache(-100, -100, 200, 200);\n_bmd01 = createjs.BitmapData.getBitmapData(_shape);\nvar colorTransform = new createjs.ColorTransform(1, 1, 0, 1, 255);\nvar rect = new createjs.Rectangle(0, 0, _bmd01.width &gt;&gt; 1, _bmd01.height);\n_bmd01.colorTransform(rect, colorTransform);\n_stage.addChild(_shape);</code></pre>"
            ],
            "class": "createjs.BitmapData",
            "namespace": "createjs"
        },
        {
            "file": "src/BitmapData.js",
            "line": 93,
            "description": "[read only] The width of the bitmapdata in pixels.<br>\nBitmapDataの幅です。",
            "itemtype": "property",
            "name": "width",
            "type": "uint",
            "readonly": "",
            "class": "createjs.BitmapData",
            "namespace": "createjs"
        },
        {
            "file": "src/BitmapData.js",
            "line": 104,
            "description": "[read only] The height of the bitmapdata in pixels.<br>\nBitmapDataの高さです。",
            "itemtype": "property",
            "name": "height",
            "type": "uint",
            "readonly": "",
            "class": "createjs.BitmapData",
            "namespace": "createjs"
        },
        {
            "file": "src/BitmapData.js",
            "line": 115,
            "description": "[read only] A rectangle object that defines the size and location of the bitmapdata.<br>\nBitmapDataの位置とサイズを示すRectangleです。",
            "itemtype": "property",
            "name": "rect",
            "type": "Rectangle",
            "readonly": "",
            "class": "createjs.BitmapData",
            "namespace": "createjs"
        },
        {
            "file": "src/BitmapData.js",
            "line": 129,
            "description": "A HTMLCanvasElement that bitmapdata is drawn.<br>\nBitmapDataが描画されるHTMLCanvasElementです。",
            "itemtype": "property",
            "name": "canvas",
            "type": "HTMLCanvasElement",
            "class": "createjs.BitmapData",
            "namespace": "createjs"
        },
        {
            "file": "src/BitmapData.js",
            "line": 137,
            "description": "A CanvasRenderingContext2D of the canvas.<br>\ncanvasのCanvasRenderingContext2Dです。",
            "itemtype": "property",
            "name": "context",
            "type": "CanvasRenderingContext2D",
            "class": "createjs.BitmapData",
            "namespace": "createjs"
        },
        {
            "file": "src/BitmapData.js",
            "line": 145,
            "description": "A name of the bitmapdata. It's used in toString().<br>\nBitmapDataの名前です。toString()で使用されます。",
            "itemtype": "property",
            "name": "name",
            "type": "String",
            "default": "null",
            "class": "createjs.BitmapData",
            "namespace": "createjs"
        },
        {
            "file": "src/BitmapData.js",
            "line": 157,
            "description": "Apply the filter to the source object and generates the filtered image. You can also specify the current bitmapdata as a source.<br>\nソースオブジェクトにFilterを適用し、現在のBitmapDataに貼付けます。sourceには、現在のBitmapDataを指定することもできます。",
            "itemtype": "method",
            "name": "applyFilter",
            "params": [
                {
                    "name": "source",
                    "description": "An object to be used as a source.<br>\nソースとなるオブジェクトを指定します。",
                    "type": "BitmapData | DisplayObject | Stage | HTMLImageElement | HTMLCanvasElement | HTMLVideoElement"
                },
                {
                    "name": "sourceRect",
                    "description": "A rectangle object that defines the area of the source.<br>\nソースオブジェクトの範囲を示すRectangleです。",
                    "type": "Rectangle"
                },
                {
                    "name": "destPoint",
                    "description": "The point within the destination image that corresponds to the upper-left corner of the source rectangle.<br>\nFilterを適用したイメージが配置される左上の座標を示すPointです。",
                    "type": "Point"
                },
                {
                    "name": "filter",
                    "description": "The filter object that you want to use.<br>\n適用するFilterを指定します。",
                    "type": "Filter"
                }
            ],
            "example": [
                "\n<pre><code>_bmd01 = new createjs.BitmapData(_image01);\nvar source = _bmd01;\nvar sourceRect = new createjs.Rectangle(90, 20, 200, 200);\nvar destPoint = new createjs.Point(90, 20);\nvar filter = new createjs.BlurFilter(8, 8, 1);\n_bmd01.applyFilter(source, sourceRect, destPoint, filter);</code></pre>"
            ],
            "class": "createjs.BitmapData",
            "namespace": "createjs"
        },
        {
            "file": "src/BitmapData.js",
            "line": 201,
            "description": "Clears the pixels in the specified area. The color of pixels will be transparent black.<br>\n指定された領域のピクセルを透明な黒にして消去します。",
            "itemtype": "method",
            "name": "clearRect",
            "params": [
                {
                    "name": "x",
                    "description": "The x coordinate of the upper-left corner in the area to be cleared.<br>\n消去する領域の左上x座標です。",
                    "type": "Number"
                },
                {
                    "name": "y",
                    "description": "The y coordinate of the upper-left corner in the area to be cleared.<br>\n消去する領域の左上y座標です。",
                    "type": "Number"
                },
                {
                    "name": "width",
                    "description": "The width of the area to be cleared.<br>\n消去する領域の幅です。",
                    "type": "Number"
                },
                {
                    "name": "height",
                    "description": "The height of the area to be cleared.<br>\n消去する領域の高さです。",
                    "type": "Number"
                }
            ],
            "example": [
                "\n<pre><code>var x = 50;\nvar y = 50;\nvar width = 100;\nvar height = 100;\n_bmd01.clearRect(x, y, width, height);</code></pre>"
            ],
            "class": "createjs.BitmapData",
            "namespace": "createjs"
        },
        {
            "file": "src/BitmapData.js",
            "line": 225,
            "description": "Creates a clone of the current bitmapdata.<br>\n現在のBitmapDataのクローンを作成します。",
            "itemtype": "method",
            "name": "clone",
            "return": {
                "description": "A clone of the current bitmapdata.<br>\n現在のBitmapDataのクローンです。",
                "type": "BitmapData"
            },
            "class": "createjs.BitmapData",
            "namespace": "createjs"
        },
        {
            "file": "src/BitmapData.js",
            "line": 244,
            "description": "Adjusts the color value in a specified area of the bitmapdata by using a ColorTransform object.<br>\nColorTransformオブジェクトを使用して、BitmapDataの特定領域のカラー値を調整します。",
            "itemtype": "method",
            "name": "colorTransform",
            "params": [
                {
                    "name": "rect",
                    "description": "A Rectangle object that defines the area of the bitmapdata in which the ColorTransform is applied.<br>\nColorTransformを適用する領域を示すRectangleです。",
                    "type": "Rectangle"
                },
                {
                    "name": "colorTransform",
                    "description": "A ColorTransform object to apply.<br>\n適用するColorTransformオブジェクトです。",
                    "type": "ColorTransform"
                }
            ],
            "example": [
                "\n<pre><code>_bmd01 = new createjs.BitmapData(_image01);\nvar halfW = _image01.width &gt;&gt; 1;\nvar rect = new createjs.Rectangle(halfW, 0, halfW, _image01.height);\nvar colorTransform = new createjs.ColorTransform(0.5, 1.5, 1.5);\n_bmd01.colorTransform(rect, colorTransform);</code></pre>"
            ],
            "class": "createjs.BitmapData",
            "namespace": "createjs"
        },
        {
            "file": "src/BitmapData.js",
            "line": 281,
            "description": "Compares the current bitmapdata with the object of the 1st parameter, and then returns a new bitmapdata that has the difference between the pixels in the two source objects.<br>\n現在のBitmapDataと引数のオブジェクトのピクセルを比較し、その差分ピクセルを持つ新しいBitmapDataを返します。",
            "itemtype": "method",
            "name": "compare",
            "params": [
                {
                    "name": "otherSource",
                    "description": "An object to compare.<br>\n比較に使用するオブジェクトです。",
                    "type": "BitmapData | DisplayObject | Stage | HTMLImageElement | HTMLCanvasElement | HTMLVideoElement"
                }
            ],
            "return": {
                "description": "If the two objects have the same dimensions (width and height), the method returns a new bitmapdata that has the difference between the pixels in the two objects.<br>\n\tIf the two objects have the same dimensions and same pixels, the method returns the number 0.<br>\n\tIf the width of the two objects are not equal, the method returns the number -3. Else if the height of the two objects are not equal, the method returns the number -4.<br>\n2つのオブジェクトの幅と高さが等しければ、2つのオブジェクトの差分ピクセルを持つ新しいBitmapDataを返します。<br>幅と高さ、及びすべてのピクセルが等しい場合、数値 0 を返します。<br>幅が等しくない場合、数値 -3 を返します。<br>幅が等しく、高さが等しくない場合、数値 -4 を返します。",
                "type": "BitmapData | int"
            },
            "example": [
                "\n<pre><code>_bmd01 = new createjs.BitmapData(_image01);\n_bmd03 = new createjs.BitmapData(_image02);\nvar otherSource = _bmd03;\n_bmd02 = _bmd01.compare(otherSource);\n_bitmap01 = new createjs.Bitmap(_bmd01.canvas);\n_bitmap02 = new createjs.Bitmap(_bmd02.canvas);\n_bitmap03 = new createjs.Bitmap(_bmd03.canvas);\n_bitmap01.x = 10;\n_bitmap02.x = 220;\n_bitmap03.x = 430;\n_bitmap01.y = _bitmap02.y = _bitmap03.y = 80;</code></pre>"
            ],
            "class": "createjs.BitmapData",
            "namespace": "createjs"
        },
        {
            "file": "src/BitmapData.js",
            "line": 347,
            "description": "Transfers one of channel in the source object to the current bitmapdata's channel.<br>\nソースオブジェクトの1つのチャンネルを現在のBitmapDataのチャンネルに転送します。",
            "itemtype": "method",
            "name": "copyChannel",
            "params": [
                {
                    "name": "source",
                    "description": "An object to use as a source.<br>\nソースとなるオブジェクトを指定します。",
                    "type": "BitmapData | DisplayObject | Stage | HTMLImageElement | HTMLCanvasElement | HTMLVideoElement"
                },
                {
                    "name": "sourceRect",
                    "description": "A rectangle object that defines the area of the source.<br>\nソースオブジェクトの範囲を示すRectangleです。",
                    "type": "Rectangle"
                },
                {
                    "name": "destPoint",
                    "description": "The destination Point that represents the upper-left corner of the destination bitmapdata.<br>\nデータが配置される左上の座標を示すPointです。",
                    "type": "Point"
                },
                {
                    "name": "sourceChannel",
                    "description": "A channel of the source object. You can use the constant of the BitmapDataChannel class.<br>\nソースオブジェクトのチャンネルを指定します。BitmapDataChannelクラスの定数が使用できます。",
                    "type": "Uint"
                },
                {
                    "name": "destChannel",
                    "description": "A channel of the destination bitmapdata. You can use the constant of the BitmapDataChannel class.<br>\n転送先のチャンネルを指定します。BitmapDataChannelクラスの定数が使用できます。",
                    "type": "Uint"
                }
            ],
            "example": [
                "\n<pre><code>_bmd01 = new createjs.BitmapData(_image01);\nvar source = _image02;\nvar sourceRect = new createjs.Rectangle(0, 0, _image02.width, _image02.height);\nvar destPoint = new createjs.Point();\nvar channel = Object.create(createjs.BitmapDataChannel);\nvar sourceChannel = channel.ALPHA;\nvar destChannel = channel.BLUE;\n_bmd01.copyChannel(source, sourceRect, destPoint, sourceChannel, destChannel);</code></pre>"
            ],
            "class": "createjs.BitmapData",
            "namespace": "createjs"
        },
        {
            "file": "src/BitmapData.js",
            "line": 393,
            "description": "Copies the pixels from the source object to the current bitmapdata.<br>\nソースオブジェクトを現在のBitmapDataに貼り付けます。",
            "itemtype": "method",
            "name": "copyPixels",
            "params": [
                {
                    "name": "source",
                    "description": "An object to use as a source.<br>\nソースとなるオブジェクトを指定します。",
                    "type": "BitmapData | DisplayObject | Stage | HTMLImageElement | HTMLCanvasElement | HTMLVideoElement"
                },
                {
                    "name": "sourceRect",
                    "description": "A rectangle object that defines the area of the source.<br>\nソースオブジェクトの範囲を示すRectangleです。",
                    "type": "Rectangle"
                },
                {
                    "name": "destPoint",
                    "description": "The destination Point that represents the upper-left corner of the destination bitmapdata.<br>\n貼り付け先の左上座標を示すPointです。",
                    "type": "Point"
                },
                {
                    "name": "alphaSource",
                    "description": "An object to use as a source of the alpha channel.<br>\nアルファチャンネルのソースとなるオブジェクトを指定します。",
                    "type": "BitmapData | DisplayObject | Stage | HTMLImageElement | HTMLCanvasElement | HTMLVideoElement",
                    "optional": true,
                    "optdefault": "null"
                },
                {
                    "name": "alphaPoint",
                    "description": "The point that represents the upper-left corner of the alphaSource.<br>\nalphaSourceの左上座標を示すPointです。",
                    "type": "Point",
                    "optional": true,
                    "optdefault": "null"
                },
                {
                    "name": "mergeAlpha",
                    "description": "If you want to use the alpha channel, set the value to true.<br>\n貼り付け時にアルファチャンネルを使用するにはtrueを指定します。",
                    "type": "Boolean",
                    "optional": true,
                    "optdefault": "false"
                }
            ],
            "example": [
                "\n<pre><code>_bmd01 = new createjs.BitmapData(null, 640, 360, 0xCCCCCC);\nvar source = _image01;\nvar sourceRect = new createjs.Rectangle(0, 0, _image01.width, _image01.height);\nvar destPoint;\nvar alphaSource = _maskImage;\nvar alphaPoint = new createjs.Point();\nvar mergeAlpha = true;\ndestPoint = new createjs.Point(10, 80);\n_bmd01.copyPixels(source, sourceRect, destPoint);\ndestPoint = new createjs.Point(220, 80);\n_bmd01.copyPixels(source, sourceRect, destPoint, alphaSource);\ndestPoint = new createjs.Point(430, 80);\n_bmd01.copyPixels(source, sourceRect, destPoint, alphaSource, alphaPoint, mergeAlpha);</code></pre>"
            ],
            "class": "createjs.BitmapData",
            "namespace": "createjs"
        },
        {
            "file": "src/BitmapData.js",
            "line": 461,
            "description": "Frees the memory that is used to store the bitmapdata.<br>\nBitmapDataオブジェクトの格納に使用されるメモリを解放します。",
            "itemtype": "method",
            "name": "dispose",
            "class": "createjs.BitmapData",
            "namespace": "createjs"
        },
        {
            "file": "src/BitmapData.js",
            "line": 472,
            "description": "Draws the source object to the current bitmapdata.<br>\nソースオブジェクトを現在のBitmapDataに描画します。",
            "itemtype": "method",
            "name": "draw",
            "params": [
                {
                    "name": "source",
                    "description": "An object to use as a source.<br>\nソースとなるオブジェクトを指定します。",
                    "type": "BitmapData | DisplayObject | Stage | HTMLImageElement | HTMLCanvasElement | HTMLVideoElement"
                },
                {
                    "name": "matrix",
                    "description": "A Matrix2D object to be applied to the source object. If you don't want to apply the transformation matrix, set the value to null.<br>\nソースオブジェクトに適用する変換行列を指定します。変換行列を指定したくない場合はnullを指定して下さい。",
                    "type": "Matrix2D",
                    "optional": true,
                    "optdefault": "null"
                },
                {
                    "name": "colorTransform",
                    "description": "A ColorTransform object to be applied to the source object. If you don't want to apply the color transformation, set the value to null.<br>\nソースオブジェクトに適用するColorTransformオブジェクトを指定します。ColorTransformを適用したくない場合はnullを指定して下さい。",
                    "type": "ColorTransform",
                    "optional": true,
                    "optdefault": "null"
                },
                {
                    "name": "compositeOperation",
                    "description": "A string value that represents the globalCompositeOperation value of the CanvasRenderingContext2D when drawn.<br>\n描画時のcanvasのglobalCompositeOperationの値です。",
                    "type": "String",
                    "optional": true,
                    "optdefault": "null"
                },
                {
                    "name": "clipRect",
                    "description": "A rectangle object that defines the clipping area of the source object.<br>\n描画時のクリッピング領域を示すRectangleです。",
                    "type": "Rectangle",
                    "optional": true,
                    "optdefault": "null"
                },
                {
                    "name": "smoothing",
                    "description": "A Boolean value that determines whether or not to use the smoothing option when drawn.<br>\n描画時にスムージングを適用するかをBool値で指定します。",
                    "type": "Boolean",
                    "optional": true,
                    "optdefault": "false"
                }
            ],
            "example": [
                "\n<pre><code>var matrix = new createjs.Matrix2D(1, 0, 0, 1, -_sourceRect.width &gt;&gt; 1, -_sourceRect.height &gt;&gt; 1);\nvar rotation = Math.random() * 360 &gt;&gt; 0;\nmatrix.rotate(rotation * createjs.Matrix2D.DEG_TO_RAD);\nvar scale = Math.random() * 0.5 + 0.5;\nmatrix.scale(scale, scale);\nvar tx = Math.random() * _bmd01.width &gt;&gt; 0;\nvar ty = Math.random() * _bmd01.height &gt;&gt; 0;\nmatrix.translate(tx, ty);\nvar red = (Math.random() * 224 &gt;&gt; 0) + 32;\nvar green = (Math.random() * 224 &gt;&gt; 0) + 32;\nvar blue = (Math.random() * 224 &gt;&gt; 0) + 32;\nvar colorTransform = new createjs.ColorTransform(0, 0, 0, 1, red, green, blue);\nvar compositeOperation = &quot;lighter&quot;;\nvar clipRect = null;\nvar smoothing = true;\n_bmd01.draw(_source, matrix, colorTransform, compositeOperation, clipRect, smoothing);</code></pre>"
            ],
            "class": "createjs.BitmapData",
            "namespace": "createjs"
        },
        {
            "file": "src/BitmapData.js",
            "line": 550,
            "description": "Draws the source object to the current bitmapdata. The method works faster than draw() because it doesn't apply the transformation matrix and the color transfomation. The method provides the same operation as drawImage() of the CanvasRenderingContext2D.<br>\nソースオブジェクトを現在のBitmapDataに描画します。変換行列やColorTransformを使用しないので、draw()よりも高速に動作します。このメソッドは、CanvasRenderingContext2DのdrawImage()と同様の動作を提供します。",
            "itemtype": "method",
            "name": "drawImage",
            "params": [
                {
                    "name": "source",
                    "description": "An object to use as a source.<br>\nソースとなるオブジェクトを指定します。",
                    "type": "BitmapData | DisplayObject | Stage | HTMLImageElement | HTMLCanvasElement | HTMLVideoElement"
                },
                {
                    "name": "sx",
                    "description": "The x coordinate of the upper-left corner in the source object. If you omit the 6th and subsequent parameters, the value is treated as dx.<br>\nソースオブジェクトの左上x座標です。第6引数以降を省略した場合、この引数はdxとして動作します。",
                    "type": "Number",
                    "optional": true,
                    "optdefault": "0"
                },
                {
                    "name": "sy",
                    "description": "The y coordinate of the upper-left corner in the source object. If you omit the 6th and subsequent parameters, the value is treated as dy.<br>\nソースオブジェクトの左上y座標です。第6引数以降を省略した場合、この引数はdyとして動作します。",
                    "type": "Number",
                    "optional": true,
                    "optdefault": "0"
                },
                {
                    "name": "sw",
                    "description": "The width of the source object. If you omit the 6th and subsequent parameters, the value is treated as dw.<br>\nソースオブジェクトの幅です。第6引数以降を省略した場合、この引数はdwとして動作します。",
                    "type": "Number",
                    "optional": true
                },
                {
                    "name": "sh",
                    "description": "The height of the source object. If you omit the 6th and subsequent parameters, the value is treated as dh.<br>\nソースオブジェクトの高さです。第6引数以降を省略した場合、この引数はdhとして動作します。",
                    "type": "Number",
                    "optional": true
                },
                {
                    "name": "dx",
                    "description": "The x coordinate within the destination image that corresponds to the left side of the source object.<br>\n描画先の左上x座標です。",
                    "type": "Number",
                    "optional": true
                },
                {
                    "name": "dy",
                    "description": "The y coordinate within the destination image that corresponds to the top side of the source object.<br>\n描画先の左上y座標です。",
                    "type": "Number",
                    "optional": true
                },
                {
                    "name": "dw",
                    "description": "The width of the object when drawn.<br>\n描画時の幅です。",
                    "type": "Number",
                    "optional": true
                },
                {
                    "name": "dh",
                    "description": "The height of the object when drawn.<br>\n描画時の高さです。",
                    "type": "Number",
                    "optional": true
                }
            ],
            "class": "createjs.BitmapData",
            "namespace": "createjs"
        },
        {
            "file": "src/BitmapData.js",
            "line": 599,
            "description": "Changes the size of the bitmapdata. A rectangle of the parameter correspond to the return value of the Filter.getBounds(). For example, if you want to expand by 8px on all sides (top, bottm, left, right), set the value to new createjs.Rectangle(-8, -8, 16, 16).<br>\nBitmapDataのサイズを変更します。引数のRectangleは、Filter.getBounds()の戻り値に合わせています。例として、上下左右に8pxずつ拡げたい場合は、new createjs.Rectangle(-8, -8, 16, 16)を指定します。",
            "itemtype": "method",
            "name": "expand",
            "params": [
                {
                    "name": "rect",
                    "description": "A rectangle object to change the size of the bitmapdata. In case of using a Filter, pass the return value of the Filter.getBounds().<br>\nBitmapDataのサイズ変更に使用するRectangleです。Filterを使用する場合は、Filter.getBounds()の戻り値をそのまま渡します。",
                    "type": "Rectangle"
                }
            ],
            "example": [
                "\n<pre><code>_bmd01 = new createjs.BitmapData(_image01);\nvar source = _bmd01;\nvar filter = new createjs.BlurFilter(16, 16, 1);\nvar rect = filter.getBounds();\n_bmd01.expand(rect);\nvar sourceRect = new createjs.Rectangle(0, 0, _bmd01.width, _bmd01.height);\nvar destPoint = new createjs.Point();\n_bmd01.applyFilter(source, sourceRect, destPoint, filter);</code></pre>"
            ],
            "class": "createjs.BitmapData",
            "namespace": "createjs"
        },
        {
            "file": "src/BitmapData.js",
            "line": 628,
            "description": "Fills a rectangular area with a specified color value.<br>\nBitmapDataの特定領域を指定されたカラー値で塗りつぶします。",
            "itemtype": "method",
            "name": "fillRect",
            "params": [
                {
                    "name": "rect",
                    "description": "A rectangle object that defines the area to be filled.<br>\n塗りつぶす範囲を示すRectangleです。",
                    "type": "Rectangle"
                },
                {
                    "name": "color",
                    "description": "A color value that fills the area. You can use a CSS compatible color value (ex. \"#FF0000\", \"rgba(255,0,0,0.5)\") or a 32-bit ARGB color value(ex. 0x80FF0000). In case of using a hexadecimal format, if you set the 0 at the alpha channel, the value is treated as 0xRRGGBB (ex. 0x00FF0000 is treated as 0xFF0000). If you want to set the pixels to transparence, you can use the clearRect().<br>\n塗りつぶしのカラー値です。CSS文字列と0xAARRGGBB形式の16進数値が使えます。16進数値で指定する際にアルファ値として0を指定した場合は、0xRRGGBBとして処理を行います。例として、0x00FF0000を指定した場合は、0xFF0000として処理されます。ピクセルを透明にしたい場合はclearRect()を使用して下さい。",
                    "type": "String | uint"
                }
            ],
            "example": [
                "\n<pre><code>_bmd01 = new createjs.BitmapData(null, 200, 200);\n_bmd02 = _bmd01.clone();\nvar rect = new createjs.Rectangle(0, 0, 200, 200);\nvar color01 = 0x80FF0000;\n_bmd01.fillRect(rect, color01);\nvar color02 = createjs.Graphics.getRGB(0, 0, 255, 0.5)\n_bmd02.fillRect(rect, color02);</code></pre>"
            ],
            "class": "createjs.BitmapData",
            "namespace": "createjs"
        },
        {
            "file": "src/BitmapData.js",
            "line": 665,
            "description": "Fills the certain color from the specified point. It's similar to the paint bucket tool in various paint programs.<br>\n指定した座標を始点として、上下左右に連続した色をバケツツールのように塗りつぶします。",
            "itemtype": "method",
            "name": "floodFill",
            "params": [
                {
                    "name": "x",
                    "description": "The x coordinate of starting point to fill.<br>\n塗りつぶしの始点となるx座標です。",
                    "type": "Uint"
                },
                {
                    "name": "y",
                    "description": "The y coordinate of starting point to fill<br>\n塗りつぶしの始点となるy座標です。",
                    "type": "Uint"
                },
                {
                    "name": "color",
                    "description": "A color value to use as fill. You can use only a 32-bit ARGB color value (ex. 0xAARRGGBB).<br>\n塗りつぶしのカラー値です。0xAARRGGBB形式の16進数値のみ使用できます。",
                    "type": "Uint"
                }
            ],
            "example": [
                "\n<pre><code>function clickHandler(evt) {\n _bmd01.floodFill(evt.stageX, evt.stageY, 0xFFCCCCCC);\n _stage.update();\n}</code></pre>"
            ],
            "class": "createjs.BitmapData",
            "namespace": "createjs"
        },
        {
            "file": "src/BitmapData.js",
            "line": 745,
            "description": "If you set the findColor parameter to true, the method returns a rectangle object that is enclosed area with the specified color. If you set the findColor parameter to false, the method returns a rectangle object that is enclosed area with the not specified color.<br>\n引数findColorにtrueを指定した場合は、指定された色のピクセルを囲むRectangleを返します。findColorにfalseを指定した場合は、指定された色ではないピクセルを囲むRectangleを返します。",
            "itemtype": "method",
            "name": "getColorBoundsRect",
            "params": [
                {
                    "name": "mask",
                    "description": "A hexadicimal value to mask the color value of pixels. The color value is combined with this value, by using the & (bitwise AND) operator.<br>\nピクセルのカラー値をマスクする16進数値を指定します。ピクセルのカラー値とこの16進数値は、AND論理演算子でつなげられます。",
                    "type": "Uint"
                },
                {
                    "name": "color",
                    "description": "A hexadicimal value to be used as the target color. You can use only a 32-bit ARGB color value (ex. 0xAARRGGBB).<br>\n対象とするカラー値を指定します。0xAARRGGBB形式の16進数値のみ使用できます。",
                    "type": "Uint"
                },
                {
                    "name": "findColor",
                    "description": "If you set the value to true, the method returns a rectangle that is enclosed area with the specified color. If you set the value to false, the method returns a rectangle that is enclosed area with the not specified color.<br>\ntrueを指定した場合、指定された色のピクセルを囲むRectangleを返します。falseを指定した場合、指定された色ではないピクセルを囲むRectangleを返します。",
                    "type": "Boolean",
                    "optional": true,
                    "optdefault": "false"
                }
            ],
            "return": {
                "description": "A rectangle object that is enclosed all pixels that matched the conditions. If no pixel match the conditions, the method returns a Rectangle(0, 0, 0, 0).<br>\n条件に合致したすべてのピクセルを囲むRectangleです。条件に合致するピクセルがない場合は、Rectangle(0, 0, 0, 0)を返します。",
                "type": "Rectangle"
            },
            "class": "createjs.BitmapData",
            "namespace": "createjs"
        },
        {
            "file": "src/BitmapData.js",
            "line": 793,
            "description": "Returns a number that represents a RGB color value from the specified point.<br>\n指定された座標のRGBカラー値を数値で返します。",
            "itemtype": "method",
            "name": "getPixel",
            "params": [
                {
                    "name": "x",
                    "description": "The x coordinate to get the color value.<br>\nカラー値を取得するx座標です。",
                    "type": "Uint"
                },
                {
                    "name": "y",
                    "description": "The y coordinate to get the color value.<br>\nカラー値を取得するy座標です。",
                    "type": "Uint"
                }
            ],
            "return": {
                "description": "A number that represents a RGB color value.<br>\nRGBカラー値を表す数値です。",
                "type": "Uint"
            },
            "example": [
                "\n<pre><code>var color = forcemap.getPixel(x, y);</code></pre>"
            ],
            "class": "createjs.BitmapData",
            "namespace": "createjs"
        },
        {
            "file": "src/BitmapData.js",
            "line": 824,
            "description": "Returns a number that represents a ARGB color value from the specified point.<br>\n指定された座標のARGBカラー値を数値で返します。",
            "itemtype": "method",
            "name": "getPixel32",
            "params": [
                {
                    "name": "x",
                    "description": "The x coordinate to get the color value.<br>\nカラー値を取得するx座標です。",
                    "type": "Uint"
                },
                {
                    "name": "y",
                    "description": "The y coordinate to get the color value.<br>\nカラー値を取得するy座標です。",
                    "type": "Uint"
                }
            ],
            "return": {
                "description": "A number that represents a ARGB color value.<br>\nARGBカラー値を表す数値です。",
                "type": "Uint"
            },
            "class": "createjs.BitmapData",
            "namespace": "createjs"
        },
        {
            "file": "src/BitmapData.js",
            "line": 854,
            "description": "Returns the pixel data of the specified area as a Uint8ClampedArray (CanvasPixelArray in the case of the old browser). The pixel data of the return value is stored in the order of R, G, B, A.<br>\n引数で指定された領域のピクセルデータをUint8ClampedArray（旧ブラウザではCanvasPixelArray）で返します。戻り値のピクセルデータは、R, G, B, Aの並びになっています。",
            "itemtype": "method",
            "name": "getPixels",
            "params": [
                {
                    "name": "rect",
                    "description": "A rectangle object that defines the area to get the pixel data.<br>\nピクセルデータを取得する範囲を示すRectangleです。",
                    "type": "Rectangle"
                }
            ],
            "return": {
                "description": "A Uint8ClampedArray (imageData.data) of the specified area.<br>\n指定された範囲のimageData.dataプロパティを返します。",
                "type": "Uint8ClampedArray"
            },
            "example": [
                "\n<pre><code>_bmd01 = new createjs.BitmapData(_image01);\n_bmd02 = new createjs.BitmapData(_image02);\nvar rect = new createjs.Rectangle(20, 20, 160, 160);\nvar data01 = _bmd01.getPixels(rect);\nvar data02 = _bmd02.getPixels(rect);\nfor (var i = 0, l = data01.length; i &lt; l; i += 4) {\n if (i / 4 % 2 !== 0) {\n   var r = i;\n   var g = i + 1;\n   var b = i + 2;\n   var a = i + 3;\n   data01[r] = data02[r];\n   data01[g] = data02[g];\n   data01[b] = data02[b];\n   data01[a] = data02[a];\n }\n}\n_bmd01.setPixels(rect, data01);</code></pre>"
            ],
            "class": "createjs.BitmapData",
            "namespace": "createjs"
        },
        {
            "file": "src/BitmapData.js",
            "line": 886,
            "description": "Returns a two-dimentsional array that represents the histogram of the bitmapdata. The array of the return value contains four arrays with the format [[R], [G], [B], [A]]. Each array contains 256 (from 0 to 255) values that represents the population count of an individual color value.<br>\nBitmapDataのヒストグラムを2次元配列で返します。戻り値の配列は、[[R], [G], [B], [A]]の形式で4つの配列を格納しています。各カラー値の配列は、0～255のindexを持っており、そこにカラー値のポピュレーションカウントを格納しています。",
            "itemtype": "method",
            "name": "histogram",
            "params": [
                {
                    "name": "hRect",
                    "description": "A rectangle object that defines the area to get the histogram.<br>\nヒストグラムを取得する範囲を示すRectangleです。",
                    "type": "Rectangle"
                }
            ],
            "return": {
                "description": "A two-dimensional array that represents the histogram of the bitmapdata.<br>\nBitmapDataのヒストグラムを表す2次元配列です。",
                "type": "Array"
            },
            "class": "createjs.BitmapData",
            "namespace": "createjs"
        },
        {
            "file": "src/BitmapData.js",
            "line": 914,
            "description": "Performs pixel-level hit detection including alpha channel. If the 3rd parameter (secondObject) is a Point or a rectangle, The method doesn't need the 4th and subsequent parameters.<br>\nアルファチャンネルを含めたピクセルレベルの衝突判定を行います。対象オブジェクトがPoint, Rectangleの場合には第4引数以降は必要ありません。",
            "itemtype": "method",
            "name": "hitTest",
            "params": [
                {
                    "name": "firstPoint",
                    "description": "The point that represents the upper-left corner of the current bitmapdata in an arbitrary coordinate space.<br>\n任意の座標空間における現在のBitmapDataの座標を示すPointです。",
                    "type": "Point"
                },
                {
                    "name": "firstAlphaThreshold",
                    "description": "The threshold value of the alpha channel that is considered opaque within the current bitmapdata.<br>\n現在のBitmapDataで不透明とするアルファチャンネルのしきい値です。",
                    "type": "Uint"
                },
                {
                    "name": "secondObject",
                    "description": "An object that is the target of hit detection.<br>\n衝突判定の対象となるオブジェクトです。",
                    "type": "Point | Rectangle | BitmapData | DisplayObject | Stage | HTMLImageElement | HTMLCanvasElement | HTMLVideoElement"
                },
                {
                    "name": "secondObjectPoint",
                    "description": "The point that represents the upper-left corner of the secondObject.<br>\nsecondObjectの座標を示すPointです。",
                    "type": "Point",
                    "optional": true,
                    "optdefault": "null"
                },
                {
                    "name": "secondAlphaThreshold",
                    "description": "The threshold value of the alpha channel that is considered opaque within the secondObject.<br>\nsecondObjectで不透明とするアルファチャンネルのしきい値です。",
                    "type": "Uint",
                    "optional": true,
                    "optdefault": "1"
                }
            ],
            "return": {
                "description": "If a hit occurs, the return value is true, otherwise false.<br>\n衝突している場合はtrue、していない場合はfalseを返します。",
                "type": "Boolean"
            },
            "example": [
                "\n<pre><code>var firstPoint = new createjs.Point(_bitmap01.x, _bitmap01.y);\nvar firstAlphaThreshold = 0xFF;\nvar secondObject = _shape_bmd;\nvar secondObjectPoint = new createjs.Point(_shape.x - 20, _shape.y - 20);\nvar secondAlphaThreshold = 0x80;\nif (_bmd01.hitTest(firstPoint, firstAlphaThreshold, secondObject, secondObjectPoint, secondAlphaThreshold)) {\n if (!_isHitting) {\n   changeColor(&quot;rgba(0,255,0,0.75)&quot;);\n }\n} else {\n if (_isHitting) {\n   changeColor(&quot;rgba(0,0,255,0.75)&quot;);\n }\n}</code></pre>"
            ],
            "class": "createjs.BitmapData",
            "namespace": "createjs"
        },
        {
            "file": "src/BitmapData.js",
            "line": 1037,
            "description": "Performs per-channel blending from a source object to the current bitmapdata.<br>\n現在のBitmapDataとソースオブジェクトをチャンネルごとにブレンドします。",
            "itemtype": "method",
            "name": "merge",
            "params": [
                {
                    "name": "source",
                    "description": "An object to use as a source.<br>\nソースとなるオブジェクトを指定します。",
                    "type": "BitmapData | DisplayObject | Stage | HTMLImageElement | HTMLCanvasElement | HTMLVideoElement"
                },
                {
                    "name": "sourceRect",
                    "description": "A rectangle object that defines the area of the source.<br>\nソースオブジェクトの範囲を示すRectangleです。",
                    "type": "Rectangle"
                },
                {
                    "name": "destPoint",
                    "description": "The destination Point that represents the upper-left corner of the destination bitmapdata.<br>\nマージ先の左上座標を示すPointです。",
                    "type": "Point"
                },
                {
                    "name": "redMultiplier",
                    "description": "A uint value by which to multiply the red channel value.<br>\n赤チャンネル値に乗算する数値です。",
                    "type": "Uint"
                },
                {
                    "name": "greenMultiplier",
                    "description": "A uint value by which to multiply the green channel value.<br>\n緑チャンネル値に乗算する数値です。",
                    "type": "Uint"
                },
                {
                    "name": "blueMultiplier",
                    "description": "A uint value by which to multiply the blue channel value.<br>\n青チャンネル値に乗算する数値です。",
                    "type": "Uint"
                },
                {
                    "name": "alphaMultiplier",
                    "description": "A uint value by which to multiply the alpha channel value.<br>\nアルファチャンネル値に乗算する数値です。",
                    "type": "Uint"
                }
            ],
            "example": [
                "\n<pre><code>_bmd01 = new createjs.BitmapData(_image01);\n_bmd02 = _bmd01.clone();\n_bmd03 = new createjs.BitmapData(_image02);\nvar source = _bmd03;\nvar sourceRect = new createjs.Rectangle(0, 0, _image02.width, _image02.height);\nvar destPoint = new createjs.Point();\nvar redMultiplier = 192;\nvar greenMultiplier = 64;\nvar blueMultiplier = 128;\nvar alphaMultiplier = 128;\n_bmd02.merge(source, sourceRect, destPoint, redMultiplier, greenMultiplier, blueMultiplier, alphaMultiplier);</code></pre>"
            ],
            "class": "createjs.BitmapData",
            "namespace": "createjs"
        },
        {
            "file": "src/BitmapData.js",
            "line": 1095,
            "description": "Generates a random noise.<br>\nランダムノイズを生成します。",
            "itemtype": "method",
            "name": "noise",
            "params": [
                {
                    "name": "low",
                    "description": "The lowest value to generate for each channel.<br>\nチャンネルごとに生成する最小値です。",
                    "type": "Uint",
                    "optional": true,
                    "optdefault": "0"
                },
                {
                    "name": "high",
                    "description": "The highest value to generate for each channel.<br>\nチャンネルごとに生成する最大値です。",
                    "type": "Uint",
                    "optional": true,
                    "optdefault": "255"
                },
                {
                    "name": "channelOptions",
                    "description": "The channel of the target. You can use the constant of the BitmapDataChannel class and use the logical OR operator (|) to combine channel values.<br>\n対象とするチャンネルを指定します。BitmapDataChannelクラスの定数が使え、OR論理演算子で複数のチャンネルを組み合わせることができます。",
                    "type": "Uint",
                    "optional": true,
                    "optdefault": "7"
                },
                {
                    "name": "grayScale",
                    "description": "A Boolean value that determines whether or not to generates the grayscale noise. If you set the value to true, all channels set to the same value except the alpha channel.<br>\nノイズをグレイスケールにするかをBool値を指定します。trueにした場合、アルファチャンネルを除いたすべてのチャンネルが同じ値となります。",
                    "type": "Boolean",
                    "optional": true,
                    "optdefault": "false"
                }
            ],
            "example": [
                "\n<pre><code>_bmd01 = new createjs.BitmapData(null, 200, 200);\nvar low = 128;\nvar high = 200;\nvar channel = Object.create(createjs.BitmapDataChannel);\nvar channelOptions = channel.BLUE | channel.ALPHA;\nvar grayScale = false;\n_bmd01.noise(low, high, channelOptions, grayScale);</code></pre>"
            ],
            "class": "createjs.BitmapData",
            "namespace": "createjs"
        },
        {
            "file": "src/BitmapData.js",
            "line": 1145,
            "description": "Remaps the color channel values, by using four arrays of the color palette data. If a channel is specified null as the color palette data, be copied from the source object to the destination bitmapdata. Each arrays of the color palette data should contains 256 values.<br>\nカラーパレットデータ配列を使用して、BitmapDataのカラー値をマッピングします。パレットデータ配列でnullを指定したチャンネルでは、ソースオブジェクトのチャンネルが使用されます。各チャンネルのパレットデータ配列には、256個の値が含まれている必要があります。",
            "itemtype": "method",
            "name": "paletteMap",
            "params": [
                {
                    "name": "source",
                    "description": "ソースとなるオブジェクトを指定します。",
                    "type": "BitmapData | DisplayObject | Stage | HTMLImageElement | HTMLCanvasElement | HTMLVideoElement"
                },
                {
                    "name": "sourceRect",
                    "description": "A rectangle object that defines the area of the source.<br>\nソースオブジェクトの範囲を示すRectangleです。",
                    "type": "Rectangle"
                },
                {
                    "name": "destPoint",
                    "description": "The destination Point that represents the upper-left corner of the destination bitmapdata.<br>\nマッピング先の左上座標を示すPointです。",
                    "type": "Point"
                },
                {
                    "name": "redArray",
                    "description": "A array of the palette data to be used remapping the red channel.<br>\n赤チャンネルのマッピングに使用するパレットデータ配列です。",
                    "type": "Array",
                    "optional": true,
                    "optdefault": "null"
                },
                {
                    "name": "greenArray",
                    "description": "A array of the palette data to be used remapping the green channel.<br>\n緑チャンネルのマッピングに使用するパレットデータ配列です。",
                    "type": "Array",
                    "optional": true,
                    "optdefault": "null"
                },
                {
                    "name": "blueArray",
                    "description": "A array of the palette data to be used remapping the blue channel.<br>\n青チャンネルのマッピングに使用するパレットデータ配列です。",
                    "type": "Array",
                    "optional": true,
                    "optdefault": "null"
                },
                {
                    "name": "alphaArray",
                    "description": "A array of the palette data to be used remapping the alpha channel.<br>\nアルファチャンネルのマッピングに使用するパレットデータ配列です。",
                    "type": "Array",
                    "optional": true,
                    "optdefault": "null"
                }
            ],
            "example": [
                "\n<pre><code>_bmd01 = new createjs.BitmapData(_image01);\nvar source = _bmd01;\nvar sourceRect = new createjs.Rectangle(64, 48, 256, 144);\nvar destPoint = new createjs.Point(sourceRect.x, sourceRect.y);\nvar redArray = [], greenArray = [], blueArray = [], alphaArray = null;\nfor (var i = 0, l = 256; i &lt; l; i++) {\n redArray[i] = (255 - i) &lt;&lt; 16;\n greenArray[i] = (255 - i) &lt;&lt; 8;\n blueArray[i] = 255 - i;\n}\n_bmd01.paletteMap(source, sourceRect, destPoint, redArray, greenArray, blueArray, alphaArray);</code></pre>"
            ],
            "class": "createjs.BitmapData",
            "namespace": "createjs"
        },
        {
            "file": "src/BitmapData.js",
            "line": 1206,
            "description": "Generates a Perlin noise.<br>\nPerlinNoiseを生成します。",
            "itemtype": "method",
            "name": "perlinNoise",
            "params": [
                {
                    "name": "baseX",
                    "description": "Frequency to use in the x direction.<br>\nx方向で使用する周波数です。",
                    "type": "Number"
                },
                {
                    "name": "baseY",
                    "description": "Frequency to use in the y direction.<br>\ny方向で使用する周波数です。",
                    "type": "Number"
                },
                {
                    "name": "numOctaves",
                    "description": "PerlinNoiseを作成するために組み合わせるオクターブの数です。オクターブ数を大きくすると、よりきめ細かいノイズを作成できますが、その分、処理に時間がかかります。",
                    "type": "Uint"
                },
                {
                    "name": "randomSeed",
                    "description": "ノイズの生成に使用するランダムシード（乱数の種）を指定します。同じランダムシードからは、毎回同じ結果が得られます。",
                    "type": "Int"
                },
                {
                    "name": "stitch",
                    "description": "trueを指定した場合、タイリングに適したシームレスなPerlinNoiseを生成しますが、その分、処理に時間がかかります。",
                    "type": "Boolean",
                    "optional": true,
                    "optdefault": "false"
                },
                {
                    "name": "fractalNoise",
                    "description": "trueを指定した場合、フラクタルノイズを生成します。",
                    "type": "Boolean",
                    "optional": true,
                    "optdefault": "false"
                },
                {
                    "name": "channelOptions",
                    "description": "対象とするチャンネルを指定します。BitmapDataChannelクラスの定数が使え、OR論理演算子で複数のチャンネルを組み合わせることができます。",
                    "type": "Uint",
                    "optional": true,
                    "optdefault": "7"
                },
                {
                    "name": "grayScale",
                    "description": "trueを指定した場合、RGBの各カラーチャンネルに同じ値を設定して、グレースケールのノイズが作成されます。この値はアルファチャンネルには影響しません。",
                    "type": "Boolean",
                    "optional": true,
                    "optdefault": "false"
                },
                {
                    "name": "offsets",
                    "description": "各オクターブのオフセット値を格納した配列です。オフセット値はPointインスタンスで指定します。",
                    "type": "Array",
                    "optional": true,
                    "optdefault": "null"
                },
                {
                    "name": "interpolateType",
                    "description": "ノイズを滑らかにする補間のタイプを\"linear\"と\"cos\"から選択できます。\"cos\"の方が滑らかな結果が得られますが、その分、処理に時間がかかります。デフォルト値は\"linear\"です。",
                    "type": "String",
                    "optional": true,
                    "optdefault": "\"linear\""
                }
            ],
            "example": [
                "\n<pre><code>_bmd01 = new createjs.BitmapData(null, 320, 240);\nvar baseX = _bmd01.width;\nvar baseY = _bmd01.height;\nvar numOctaves = 5;\nvar randomSeed = 7;\nvar stitch = false;\nvar fractalNoise = false;\nvar channel = Object.create(createjs.BitmapDataChannel);\nvar channelOptions = channel.RED | channel.GREEN | channel.BLUE;\nvar grayScale = true;\nvar offsets = [new createjs.Point(0, 0), new createjs.Point(0, 0)];\nvar interpolateType = \"cos\";\n_bmd01.perlinNoise(baseX, baseY, numOctaves, randomSeed, stitch, fractalNoise, channelOptions, grayScale, offsets, interpolateType);</code></pre>"
            ],
            "class": "createjs.BitmapData",
            "namespace": "createjs"
        },
        {
            "file": "src/BitmapData.js",
            "line": 1405,
            "description": "Performs a pixel-dissolve from the current bitmapdata to a source object.<br>\n現在のBitmapDataからソースオブジェクトへのピクセルディゾルブを実行します。",
            "itemtype": "method",
            "name": "pixelDissolve",
            "params": [
                {
                    "name": "source",
                    "description": "An object to use as a source.<br>\nソースとなるオブジェクトを指定します。",
                    "type": "BitmapData | DisplayObject | Stage | HTMLImageElement | HTMLCanvasElement | HTMLVideoElement"
                },
                {
                    "name": "sourceRect",
                    "description": "A rectangle object that defines the area of the source.<br>\nソースオブジェクトの範囲を示すRectangleです。",
                    "type": "Rectangle"
                },
                {
                    "name": "destPoint",
                    "description": "The destination Point that represents the upper-left corner of the destination object.<br>\nディゾルブ先の左上座標を示すPointです。",
                    "type": "Point"
                },
                {
                    "name": "buffer",
                    "description": "If you want to performs consecutive pixel-dissolve, please specify the return value of the pixelDissolve().<br>\n連続したピクセルディゾルブを実行したい場合は、pixelDissolve()の戻り値のbuffer配列を指定します。",
                    "type": "Array",
                    "optional": true,
                    "optdefault": "null"
                },
                {
                    "name": "numPixels",
                    "description": "A number of pixels to be replaced at a single process. The default value is sourceRect.width * souceRect.height / 30.<br>\n1回の処理で置き換えるピクセル数です。デフォルト値は、sourceRect.width * souceRect.height / 30 です。",
                    "type": "Uint",
                    "optional": true,
                    "optdefault": "0"
                },
                {
                    "name": "fillColor",
                    "description": "A ARGB color value to fill the pixels, when the source object equals the current bitmapdata.<br>\nソースオブジェクトが現在のBitmapDataの場合に使用されるカラー値を0xAARRGGBB形式の16進数値で指定します。",
                    "type": "Uint",
                    "optional": true,
                    "optdefault": "0"
                }
            ],
            "return": {
                "description": "Returns the buffer array. If you want to performs consecutive pixel-dissolve, pass the return value as the 4th parameter at the next calling. When the pixel-dissolve is finished, the method returns number 0.<br>\nbuffer配列を返します。この戻り値の配列を第4引数に指定することで連続したピクセルディゾルブを実行できます。ピクセルディゾルブが終了した際には数値 0 を返します。",
                "type": "Array"
            },
            "example": [
                "\n<pre><code>function tickHandler(evt) {\n if (_buffer === 0) {\n   return;\n }\n var sourceRect = new createjs.Rectangle(0, 0, _source.width, _source.height);\n var destPoint = new createjs.Point(sourceRect.x, sourceRect.y);\n var numPixels = 600;\n var fillColor = null\n _buffer = _bmd01.pixelDissolve(_source, sourceRect, destPoint, _buffer, numPixels, fillColor);\n _stage.update();\n}</code></pre>"
            ],
            "class": "createjs.BitmapData",
            "namespace": "createjs"
        },
        {
            "file": "src/BitmapData.js",
            "line": 1499,
            "description": "指定されたピクセル量だけイメージをスクロールします。スクロール領域外のエッジ領域は変わらずにそのままになります。",
            "itemtype": "method",
            "name": "scroll",
            "params": [
                {
                    "name": "x",
                    "description": "\nx軸方向のスクロール量です。",
                    "type": "Int"
                },
                {
                    "name": "y",
                    "description": "y軸方向のスクロール量です。",
                    "type": "Int"
                }
            ],
            "class": "createjs.BitmapData",
            "namespace": "createjs"
        },
        {
            "file": "src/BitmapData.js",
            "line": 1513,
            "description": "Sets the new color value to a pixel of the specified point. The alpha channel value is kept the current value. You must call updateContext() to reflect the results of setPixel() to the bitmapdata.<br>\n指定された座標のピクセルに新しいカラー値を設定します。アルファチャンネルの値は現在の値が保たれます。setPixel()の実行結果を実際にBitmapDataに反映させるにはupdateContext()を実行する必要があります。",
            "itemtype": "method",
            "name": "setPixel",
            "params": [
                {
                    "name": "x",
                    "description": "The x coordinate to set a color value.<br>\nカラー値を設定するx座標です。",
                    "type": "Uint"
                },
                {
                    "name": "y",
                    "description": "The y coordinate to set a color value.<br>\nカラー値を設定するy座標です。",
                    "type": "Uint"
                },
                {
                    "name": "color",
                    "description": "A color value to set the pixel. You can use only a RGB color value (ex. 0xRRGGBB).<br>\n指定したピクセルに設定するカラー値です。0xRRGGBB形式の16進数値のみ使用できます。",
                    "type": "Uint"
                }
            ],
            "example": [
                "\n<pre><code>bmd.setPixel(x, y, 0x0099FF);</code></pre>"
            ],
            "class": "createjs.BitmapData",
            "namespace": "createjs"
        },
        {
            "file": "src/BitmapData.js",
            "line": 1543,
            "description": "Sets the new color value including alpha channel to a pixel of the specified point. You must call updateContext() to reflect the results of setPixel32() to the bitmapdata.<br>\n指定された座標のピクセルにアルファチャンネルを含めた新しいカラー値を設定します。setPixel32()の実行結果を実際にBitmapDataに反映させるにはupdateContext()を実行する必要があります。",
            "itemtype": "method",
            "name": "setPixel32",
            "params": [
                {
                    "name": "x",
                    "description": "The x coordinate to set a color value.<br>\nカラー値を設定するx座標です。",
                    "type": "Uint"
                },
                {
                    "name": "y",
                    "description": "The y coordinate to set a color value.<br>\nカラー値を設定するy座標です。",
                    "type": "Uint"
                },
                {
                    "name": "color",
                    "description": "A color value to set the pixel. You can use only a ARGB color value (ex. 0xAARRGGBB).<br>\n指定したピクセルに設定するカラー値です。0xAARRGGBB形式の16進数値のみ使用できます。",
                    "type": "Uint"
                }
            ],
            "class": "createjs.BitmapData",
            "namespace": "createjs"
        },
        {
            "file": "src/BitmapData.js",
            "line": 1572,
            "description": "Replaces the pixels of the specified area with the array of 2nd parameter.<br>\n指定された範囲のピクセルを指定された配列のデータで差し替えます。",
            "itemtype": "method",
            "name": "setPixels",
            "params": [
                {
                    "name": "rect",
                    "description": "A rectangle object that defines the area to set the pixel data.<br>\nピクセルデータを差し替える範囲を示すRectangleです。",
                    "type": "Rectangle"
                },
                {
                    "name": "inputArray",
                    "description": "An array to replace the pixel data. The pixel data must be stored in the order of R, G, B, A.<br>\n差し替えるピクセルデータを配列で指定します。ピクセルデータの並びは、R, G, B, Aの順番にする必要があります。",
                    "type": "Array"
                }
            ],
            "class": "createjs.BitmapData",
            "namespace": "createjs"
        },
        {
            "file": "src/BitmapData.js",
            "line": 1592,
            "description": "Tests the pixels of the bitmapdata with the specified threshold, and sets a new color value by its result.<br>\n指定されたしきい値でBitmapDataのピクセル値をテストし、その合否によってピクセルに新たなカラー値をセットします。",
            "itemtype": "method",
            "name": "threshold",
            "params": [
                {
                    "name": "source",
                    "description": "An object to use as a source.<br>\nソースとなるオブジェクトを指定します。",
                    "type": "BitmapData | DisplayObject | Stage | HTMLImageElement | HTMLCanvasElement | HTMLVideoElement"
                },
                {
                    "name": "sourceRect",
                    "description": "A rectangle object that defines the area of the source.<br>\nソースオブジェクトの範囲を示すRectangleです。",
                    "type": "Rectangle"
                },
                {
                    "name": "destPoint",
                    "description": "The destination Point that represents the upper-left corner of the destination bitmapdata.<br>\nピクセルの置き換え先の左上座標を示すPointです。",
                    "type": "Point"
                },
                {
                    "name": "operation",
                    "description": "A string representation of the comparison operator to test the pixels. The valid value are \"<\", \"<=\", \">\", \">=\", \"==\", \"!=\".<br>\nピクセルのテストに使う比較演算子を文字列で指定します。指定することができる値は、\"<\", \"<=\", \">\", \">=\", \"==\", \"!=\"です。",
                    "type": "String"
                },
                {
                    "name": "threshold",
                    "description": "A color value ​​to be used as a threshold. You can use only a ARGB color value (ex. 0xAARRGGBB).<br>\nしきい値となるカラー値を指定します。0xAARRGGBB形式の16進数値のみ使用できます。",
                    "type": "Uint"
                },
                {
                    "name": "color",
                    "description": "A new color value to set the pixels in case of passing the test. You can use only a ARGB color value (ex. 0xAARRGGBB).<br>\nテストに合格した際にセットされる新しいカラー値を指定します。0xAARRGGBB形式の16進数値のみ使用できます。",
                    "type": "Uint",
                    "optional": true,
                    "optdefault": "0"
                },
                {
                    "name": "mask",
                    "description": "A value of the mask to use to isolate a color component. You can use only a ARGB color value (ex. 0xAARRGGBB).<br>\n範囲を設定するマスク値を指定します。0xAARRGGBB形式の16進数値のみ使用できます。",
                    "type": "Uint",
                    "optional": true,
                    "optdefault": "0"
                },
                {
                    "name": "copySource",
                    "description": "A boolean value that determines whether or not to copy the pixels from the source object to the current bitmapdata, when the threshold test is false.<br>\n比較結果がfalseの場合にソースオブジェクトのピクセルを現在のBitmapDataにコピーするかをBool値で指定します。",
                    "type": "Boolean",
                    "optional": true,
                    "optdefault": "false"
                }
            ],
            "example": [
                "\n<pre><code>_bmd01 = new createjs.BitmapData(_image01);\nvar source = _bmd01;\nvar halfW = _bmd01.width >> 1;\nvar sourceRect = new createjs.Rectangle(halfW, 0, halfW, _bmd01.height);\nvar destPoint = new createjs.Point(sourceRect.x, sourceRect.y);\nvar operation = &quot;&lt;&quot;;\nvar threshold = 0xFFEE0000;\nvar color = 0x00000000;\nvar mask = 0xFFFF0000;\nvar copySource = false;\n_bmd01.threshold(source, sourceRect, destPoint, operation, threshold, color, mask, copySource);</code></pre>"
            ],
            "class": "createjs.BitmapData",
            "namespace": "createjs"
        },
        {
            "file": "src/BitmapData.js",
            "line": 1696,
            "description": "Returns a string representation of the bitmapdata. The name property is used by output.<br>\nBitmapDataの文字列表現を返します。nameプロパティの値が使用されます。",
            "itemtype": "method",
            "name": "toString",
            "return": {
                "description": "A string representation of the bitmapdata.<br>\nBitmapDataの文字列表現です。",
                "type": "String"
            },
            "class": "createjs.BitmapData",
            "namespace": "createjs"
        },
        {
            "file": "src/BitmapData.js",
            "line": 1707,
            "description": "Updates the context with the imageData (instance property). You must call this method after calling setPixel() or setPixel32().  By calling updateContext(), the bitmapdata is updated with results of setPixel() or setPixel32().<br>\n内部に保持しているimageDataの内容でcontextを更新します。setPixel(), setPixel32()の処理を行った後は、このメソッドを実行する必要があります。updateContext()を実行することでsetPixel(), setPixel32()で行った処理がBitmapDataに反映されます。",
            "itemtype": "method",
            "name": "updateContext",
            "class": "createjs.BitmapData",
            "namespace": "createjs"
        },
        {
            "file": "src/BitmapData.js",
            "line": 1716,
            "description": "Updates the imageData of the instance property.\n内部に保持しているimageDataを最新の状態に更新します。contextを直接操作した場合やgetBitmapData()で取得したcacheをupdateCache()した場合には、このメソッドを実行する必要があります。",
            "itemtype": "method",
            "name": "updateImageData",
            "class": "createjs.BitmapData",
            "namespace": "createjs"
        },
        {
            "file": "src/BitmapData.js",
            "line": 1761,
            "description": "アルファチャンネルを表す定数です。",
            "static": 1,
            "itemtype": "property",
            "name": "ALPHA",
            "type": "uint",
            "default": "8",
            "class": "createjs.BitmapDataChannel",
            "namespace": "createjs"
        },
        {
            "file": "src/BitmapData.js",
            "line": 1770,
            "description": "青チャンネルを表す定数です。",
            "static": 1,
            "itemtype": "property",
            "name": "BLUE",
            "type": "uint",
            "default": "4",
            "class": "createjs.BitmapDataChannel",
            "namespace": "createjs"
        },
        {
            "file": "src/BitmapData.js",
            "line": 1779,
            "description": "緑チャンネルを表す定数です。",
            "static": 1,
            "itemtype": "property",
            "name": "GREEN",
            "type": "uint",
            "default": "2",
            "class": "createjs.BitmapDataChannel",
            "namespace": "createjs"
        },
        {
            "file": "src/BitmapData.js",
            "line": 1788,
            "description": "赤チャンネルを表す定数です。",
            "static": 1,
            "itemtype": "property",
            "name": "RED",
            "type": "uint",
            "default": "1",
            "class": "createjs.BitmapDataChannel",
            "namespace": "createjs"
        },
        {
            "file": "src/BitmapData.js",
            "line": 1837,
            "description": "ColortransformオブジェクトのRGBカラー値を返します。このプロパティに値を設定する際には、0xRRGGBB形式の16進数値を使用して下さい。設定された値は、R, G, Bのoffset値として設定され、同時に3つのカラー乗数値 (redMultiplier, greenMultiplier, blueMultiplier) が0に設定されます。アルファチャンネルの乗数値とオフセット値は変更しません。",
            "itemtype": "property",
            "name": "color",
            "type": "uint",
            "class": "createjs.ColorTransform",
            "namespace": "createjs"
        },
        {
            "file": "src/BitmapData.js",
            "line": 1855,
            "description": "赤チャンネル値に乗算する数値です。",
            "itemtype": "property",
            "name": "redMultiplier",
            "type": "Number",
            "default": "1",
            "class": "createjs.ColorTransform",
            "namespace": "createjs"
        },
        {
            "file": "src/BitmapData.js",
            "line": 1863,
            "description": "緑チャンネル値に乗算する数値です。",
            "itemtype": "property",
            "name": "greenMultiplier",
            "type": "Number",
            "default": "1",
            "class": "createjs.ColorTransform",
            "namespace": "createjs"
        },
        {
            "file": "src/BitmapData.js",
            "line": 1871,
            "description": "青チャンネル値に乗算する数値です。",
            "itemtype": "property",
            "name": "blueMultiplier",
            "type": "Number",
            "default": "1",
            "class": "createjs.ColorTransform",
            "namespace": "createjs"
        },
        {
            "file": "src/BitmapData.js",
            "line": 1879,
            "description": "アルファチャンネル値に乗算する数値です。",
            "itemtype": "property",
            "name": "alphaMultiplier",
            "type": "Number",
            "default": "1",
            "class": "createjs.ColorTransform",
            "namespace": "createjs"
        },
        {
            "file": "src/BitmapData.js",
            "line": 1887,
            "description": "赤チャンネル値にredMultiplier値を乗算した後に加算する数値です。数値の範囲は -255～255です。",
            "itemtype": "property",
            "name": "redOffset",
            "type": "Number",
            "default": "0",
            "class": "createjs.ColorTransform",
            "namespace": "createjs"
        },
        {
            "file": "src/BitmapData.js",
            "line": 1895,
            "description": "緑チャンネル値にgreenMultiplier値を乗算した後に加算する数値です。数値の範囲は -255～255です。",
            "itemtype": "property",
            "name": "greenOffset",
            "type": "Number",
            "default": "0",
            "class": "createjs.ColorTransform",
            "namespace": "createjs"
        },
        {
            "file": "src/BitmapData.js",
            "line": 1903,
            "description": "青チャンネル値にblueMultiplier値を乗算した後に加算する数値です。数値の範囲は -255～255です。",
            "itemtype": "property",
            "name": "blueOffset",
            "type": "Number",
            "default": "0",
            "class": "createjs.ColorTransform",
            "namespace": "createjs"
        },
        {
            "file": "src/BitmapData.js",
            "line": 1911,
            "description": "アルファチャンネル値にalphaMultiplier値を乗算した後に加算する数値です。数値の範囲は -255～255です。",
            "itemtype": "property",
            "name": "alphaOffset",
            "type": "Number",
            "default": "0",
            "class": "createjs.ColorTransform",
            "namespace": "createjs"
        },
        {
            "file": "src/BitmapData.js",
            "line": 1919,
            "description": "現在のColorTransformのクローンを作成します。",
            "itemtype": "method",
            "name": "clone",
            "return": {
                "description": "現在のColorTransformのクローンです。",
                "type": "ColorTransform"
            },
            "class": "createjs.ColorTransform",
            "namespace": "createjs"
        },
        {
            "file": "src/BitmapData.js",
            "line": 1937,
            "description": "引数のColorTransformと現在のColorTransformを連結します。",
            "itemtype": "method",
            "name": "concat",
            "params": [
                {
                    "name": "second",
                    "description": "現在のColorTransformオブジェクトと結合するColorTransformオブジェクトです。",
                    "type": "ColorTransform"
                }
            ],
            "class": "createjs.ColorTransform",
            "namespace": "createjs"
        },
        {
            "file": "src/BitmapData.js",
            "line": 1953,
            "description": "ColorTransformのすべてのプロパティを列挙した文字列表現を返します。",
            "itemtype": "method",
            "name": "toString",
            "return": {
                "description": "ColorTransformの文字列表現です。",
                "type": "String"
            },
            "class": "createjs.ColorTransform",
            "namespace": "createjs"
        }
    ],
    "warnings": [
        {
            "message": "Missing item type",
            "line": " src/BitmapData.js:11"
        }
    ]
}